{
  "phases": {
    "day": {
      "color": "#FFFFFF"
    },
    "evening": {
      "color": [ 1.000000, 0.750000, 0.750000 ]
    },
    "night": {
      "color": [ 0.750000, 0.750000, 1.000000 ]
    }
  }
}